eval_set,feature,mean_abs_shap_log_odds
ETRI,ego_speed,0.0839309990406036
ETRI,ego_acc,0.1242486089468002
ETRI,lane_id,0.3521410226821899
ETRI,ttc,0.0533719100058078
ETRI,thw,0.0579183213412761
ETRI,dhw,0.0693483650684356
ETRI,preceding_vx,0.0654202923178672
ETRI,gap_left_front,0.1291133910417556
ETRI,gap_left_back,0.1401038765907287
ETRI,gap_right_front,0.1233269423246383
ETRI,gap_right_back,0.1241067200899124
ETRI,vos_left,0.1567924171686172
ETRI,vos_right,0.0346296094357967
ETRI,ego_speed_mean5,0.0552750006318092
ETRI,ego_speed_std5,0.0589343048632144
ETRI,ego_speed_slope5,0.1490897685289383
ETRI,ttc_mean5,0.0337309464812278
ETRI,ttc_min5,0.0411542579531669
ETRI,ttc_slope5,0.0810802578926086
ETRI,lat_offset,0.9798759818077089
ETRI,lat_offset_norm,0.1926549226045608
ETRI,lat_speed,0.2358889430761337
ETRI,lat_acc,0.0380288921296596
ETRI,lat_drift,0.5539618134498596
ETRI,lat_offset_slope5,0.0
ETRI,lat_speed_std5,0.1255596131086349
ETRI,abs_lat_speed_max5,0.3299199640750885
ETRI,ttc_x_speed,0.107690081000328
ETRI,gap_diff,0.0172608271241188
ETRI,speed_ratio,0.1132711470127105
ETRI,vos_diff,0.0131069058552384
ETRI,risk_x_gapdiff,0.0477372743189334
ETRI,lat_speed_x_gapdiff,0.2574247717857361
ETRI,lat_drift_x_vosdiff,0.0384685136377811
ETRI,nash_lc_prob,0.0037180117797106
ETRI,nash_lk_prob,0.0
ETRI,ego_best_action,0.0186635740101337
ETRI,payoff_lc_max,0.0341660305857658
ETRI,payoff_lk,0.0112178865820169
ETRI,payoff_gap,0.0209163185209035
ETRI,stackelberg_lc_payoff,0.0117658842355012
ETRI,stackelberg_lk_payoff,0.0
ETRI,stackelberg_advantage,0.0121854655444622
ETRI,follower_best_response,0.0125234993174672
ETRI,stackelberg_nash_gap,0.0095979971811175
ETRI,nash_urgency,0.0058891922235488
ETRI,threat_asymmetry,0.0346053205430507
ETRI,strategic_commitment,0.0024649284314364
exiD,ego_speed,0.0707281231880188
exiD,ego_acc,0.0628655105829238
exiD,lane_id,0.3684134185314178
exiD,ttc,0.0406873114407062
exiD,thw,0.1752427518367767
exiD,dhw,0.1109815910458564
exiD,preceding_vx,0.080742672085762
exiD,gap_left_front,0.1240165084600448
exiD,gap_left_back,0.1683276295661926
exiD,gap_right_front,0.1089075952768325
exiD,gap_right_back,0.1144842654466629
exiD,vos_left,0.2117315083742141
exiD,vos_right,0.0611227303743362
exiD,ego_speed_mean5,0.0420980565249919
exiD,ego_speed_std5,0.0510359592735767
exiD,ego_speed_slope5,0.0990463569760322
exiD,ttc_mean5,0.0405935272574424
exiD,ttc_min5,0.0380254089832305
exiD,ttc_slope5,0.0560931079089641
exiD,lat_offset,0.7200290560722351
exiD,lat_offset_norm,0.1389953643083572
exiD,lat_speed,0.1579701006412506
exiD,lat_acc,0.0515463165938854
exiD,lat_drift,0.3925932347774505
exiD,lat_offset_slope5,0.0
exiD,lat_speed_std5,0.1283777505159378
exiD,abs_lat_speed_max5,0.1715368032455444
exiD,ttc_x_speed,0.1484040319919586
exiD,gap_diff,0.0336293950676918
exiD,speed_ratio,0.1602044403553009
exiD,vos_diff,0.0196033548563718
exiD,risk_x_gapdiff,0.0433197058737278
exiD,lat_speed_x_gapdiff,0.2631611227989197
exiD,lat_drift_x_vosdiff,0.0323980748653411
exiD,nash_lc_prob,0.0044234758242964
exiD,nash_lk_prob,0.0
exiD,ego_best_action,0.0307700391858816
exiD,payoff_lc_max,0.0362770669162273
exiD,payoff_lk,0.0300362240523099
exiD,payoff_gap,0.0528750419616699
exiD,stackelberg_lc_payoff,0.0264127664268016
exiD,stackelberg_lk_payoff,0.0
exiD,stackelberg_advantage,0.0726271718740463
exiD,follower_best_response,0.0194619912654161
exiD,stackelberg_nash_gap,0.0106327859684824
exiD,nash_urgency,0.0178242847323417
exiD,threat_asymmetry,0.0490481220185756
exiD,strategic_commitment,0.0018470751820132
source_heldout,ego_speed,0.0572322271764278
source_heldout,ego_acc,0.055911261588335
source_heldout,lane_id,0.2838466167449951
source_heldout,ttc,0.0754174664616584
source_heldout,thw,0.1044845357537269
source_heldout,dhw,0.0762124806642532
source_heldout,preceding_vx,0.0582840889692306
source_heldout,gap_left_front,0.0853675454854965
source_heldout,gap_left_back,0.212436705827713
source_heldout,gap_right_front,0.1367956101894378
source_heldout,gap_right_back,0.1906987577676773
source_heldout,vos_left,0.1282206326723098
source_heldout,vos_right,0.035308688879013
source_heldout,ego_speed_mean5,0.0491969026625156
source_heldout,ego_speed_std5,0.0439272262156009
source_heldout,ego_speed_slope5,0.1103725209832191
source_heldout,ttc_mean5,0.0815989300608635
source_heldout,ttc_min5,0.0463748946785926
source_heldout,ttc_slope5,0.1178263947367668
source_heldout,lat_offset,0.2622872292995453
source_heldout,lat_offset_norm,0.1967765539884567
source_heldout,lat_speed,0.2210619747638702
source_heldout,lat_acc,0.0375486873090267
source_heldout,lat_drift,0.4081775248050689
source_heldout,lat_offset_slope5,0.0
source_heldout,lat_speed_std5,0.0671831890940666
source_heldout,abs_lat_speed_max5,0.1235841810703277
source_heldout,ttc_x_speed,0.124047115445137
source_heldout,gap_diff,0.0155196534469723
source_heldout,speed_ratio,0.1305766552686691
source_heldout,vos_diff,0.0111228190362453
source_heldout,risk_x_gapdiff,0.0497574917972087
source_heldout,lat_speed_x_gapdiff,0.1328023672103881
source_heldout,lat_drift_x_vosdiff,0.015692938119173
source_heldout,nash_lc_prob,0.0024295325856655
source_heldout,nash_lk_prob,0.0
source_heldout,ego_best_action,0.0371053107082843
source_heldout,payoff_lc_max,0.024814048781991
source_heldout,payoff_lk,0.0176945719867944
source_heldout,payoff_gap,0.024196958169341
source_heldout,stackelberg_lc_payoff,0.019882371649146
source_heldout,stackelberg_lk_payoff,0.0
source_heldout,stackelberg_advantage,0.0286941993981599
source_heldout,follower_best_response,0.0164501648396253
source_heldout,stackelberg_nash_gap,0.012023284099996
source_heldout,nash_urgency,0.0109900897368788
source_heldout,threat_asymmetry,0.0720997750759124
source_heldout,strategic_commitment,0.0024021009448915
uniD,ego_speed,0.0947896242141723
uniD,ego_acc,0.0795966461300849
uniD,lane_id,0.337572306394577
uniD,ttc,0.0152087807655334
uniD,thw,0.551964282989502
uniD,dhw,0.18331378698349
uniD,preceding_vx,0.0907511115074157
uniD,gap_left_front,0.1562803983688354
uniD,gap_left_back,0.2817568182945251
uniD,gap_right_front,0.0846744254231453
uniD,gap_right_back,0.0876616314053535
uniD,vos_left,0.1364374905824661
uniD,vos_right,0.0464639589190483
uniD,ego_speed_mean5,0.0583199113607406
uniD,ego_speed_std5,0.0636164024472236
uniD,ego_speed_slope5,0.0799673795700073
uniD,ttc_mean5,0.0230828467756509
uniD,ttc_min5,0.0224856585264205
uniD,ttc_slope5,0.0271503701806068
uniD,lat_offset,0.935125470161438
uniD,lat_offset_norm,0.1504561007022857
uniD,lat_speed,0.1559730619192123
uniD,lat_acc,0.0472870990633964
uniD,lat_drift,0.4494723677635193
uniD,lat_offset_slope5,0.0
uniD,lat_speed_std5,0.1481931060552597
uniD,abs_lat_speed_max5,0.1557299345731735
uniD,ttc_x_speed,0.0949983894824981
uniD,gap_diff,0.0370857007801532
uniD,speed_ratio,0.2791763246059418
uniD,vos_diff,0.021245464682579
uniD,risk_x_gapdiff,0.030028112232685
uniD,lat_speed_x_gapdiff,0.1647332310676574
uniD,lat_drift_x_vosdiff,0.0340497903525829
uniD,nash_lc_prob,0.0049893455579876
uniD,nash_lk_prob,0.0
uniD,ego_best_action,0.0190621223300695
uniD,payoff_lc_max,0.0714213773608207
uniD,payoff_lk,0.0184295624494552
uniD,payoff_gap,0.0594601295888423
uniD,stackelberg_lc_payoff,0.0247849002480506
uniD,stackelberg_lk_payoff,0.0
uniD,stackelberg_advantage,0.0294206067919731
uniD,follower_best_response,0.0408782549202442
uniD,stackelberg_nash_gap,0.0145961688831448
uniD,nash_urgency,0.0032764270436018
uniD,threat_asymmetry,0.0914712399244308
uniD,strategic_commitment,0.0021420523989945
