source,source_sha256,public_path,public_sha256,transformation
verified/R16/adaptation_no_emt.csv,acf1471bce018d9b6bbf030523b99d6a9bb2e9d9a7c3713abfe5f8308ca4d631,aggregates/R16/adaptation_no_emt.csv,0803c23f5c63ad4b1f31dda5851b88092b310268d4b6eb11cbdc2a04de2d0a85,CSV serialization; EMT and EMT-inclusive aggregate rows excluded; values otherwise retained
verified/R16/calibration_bins.csv,d469d7d3fb277ffc9f02f509107d7fbae354e4bc0af51368015e18b13a8e4bfa,aggregates/R16/calibration_bins.csv,3d3d4ba1ffe3347a5f16e3cc664cf59db7b0f768631ba83019f083ee01aa1963,CSV serialization; EMT and EMT-inclusive aggregate rows excluded; values otherwise retained
verified/R16/paired_ci.csv,43ad2337986c9bdd4914a5d53bba2022fb980537aca5214a83352838f533663d,aggregates/R16/paired_ci.csv,7ef60f2748b3f2a4d1c7bcd3d038d7d945b9468a09716011aac98c17ace0d094,CSV serialization; EMT and EMT-inclusive aggregate rows excluded; values otherwise retained
verified/R16/paired_gains.csv,7f9debec52acd7753061354e0fcf0c503367c78558734c878c29452880d01f65,aggregates/R16/paired_gains.csv,1b25fd807e530f602f3b50000bc28ba5f6d570b3b6b99fe25e965c5dd68e12ad,CSV serialization; EMT and EMT-inclusive aggregate rows excluded; values otherwise retained
verified/R16/prediction_metrics.csv,95e415dd617da399f3959cc4b2fb2e82041235fb230ee6010b841d266b4d2cfe,aggregates/R16/prediction_metrics.csv,eb673985a7515448ed13285594cb833794aad173467a00f1e64b40f8007fe2a0,CSV serialization; EMT and EMT-inclusive aggregate rows excluded; values otherwise retained
verified/R16/same_fit_ci.csv,77ba13fb025d6284cf1b35fc1425695ad954880ba10271835159e77e3786f48e,aggregates/R16/same_fit_ci.csv,a337b9c876427a9da1a76e3c817d3825ea0c33db75836b3682a6cf3eda830b32,CSV serialization; EMT and EMT-inclusive aggregate rows excluded; values otherwise retained
verified/R16/same_fit_metrics.csv,36dc32dcd7c529107f605799f3acdf2360ed2d3dbe19d25f91b4b07c581e7995,aggregates/R16/same_fit_metrics.csv,27f9a353ea18b111508152ec32c74c1bb9f1e251938568800fb22c77bf45d175,CSV serialization; EMT and EMT-inclusive aggregate rows excluded; values otherwise retained
verified/R16/shap_recomputed.csv,589ce83ff1bb52a1c9cbfe4b08704baca1e49fe4b0b6869963015dbba5c8d4df,aggregates/R16/shap_recomputed.csv,48ba074b31954360a6820b6d99af9fe6a503d807a99019ce424c728b68cf941a,CSV serialization; EMT and EMT-inclusive aggregate rows excluded; values otherwise retained
verified/R16/populations.json,7274d0a9d3370d40cf5246062e102d0153bd88d1ce1d433ead75df4e6541ed4c,aggregates/R16/populations.json,7274d0a9d3370d40cf5246062e102d0153bd88d1ce1d433ead75df4e6541ed4c,unchanged selected file
verified/R16/summary.json,c736cca021d6f6dccd7b2d5a7f94f923579c77c2c4c629ef349ce513a77d55d6,aggregates/R16/summary.json,aa2a1a9a64af0644363b3242bacb485308e532c6a6c0873287a57fda5c8cac2c,Retain only non-EMT author aggregate summaries; omit internal verification claims
verified/R17/A1_seed_metrics.csv,b9a065ba7c737eb8347260c0a1b0f4b6f76a4572c94a178fe4c7c9b331416178,aggregates/R17/A1_seed_metrics.csv,ed8a78175c11efe1829c60ca1b1f3b20658edc7d7f8ca867187cc42af8c81024,CSV serialization; EMT and EMT-inclusive aggregate rows excluded; values otherwise retained
verified/R17/A1_summary.csv,eecb281c29b471ee9b727d73a0f93eb6ab7fdf2b075891ccd2ef124a74f0d9ce,aggregates/R17/A1_summary.csv,e5ee836deb10498f62b504b329b84da65a23a78358125321a4726dc0a7c9bd0c,CSV serialization; EMT and EMT-inclusive aggregate rows excluded; values otherwise retained
verified/R17/A2_seed_gains.csv,53dcb1594256ade3cc486eaba1913437fe55d500f6689b54123cba078cc10e80,aggregates/R17/A2_seed_gains.csv,0aad949a5abeef0b3daf3666412cd8875f1e63801c621fc78d30dfdf64467c2b,CSV serialization; EMT and EMT-inclusive aggregate rows excluded; values otherwise retained
verified/R17/A2_summary.csv,848438fcb834ba12cfa706b0522dbdb538d03102dcb32996ed0aa06b581ffbb4,aggregates/R17/A2_summary.csv,62d3be03fd125ae4d024a356431b3d206f7372fb768edaf4dc2bb16acf388bb1,CSV serialization; EMT and EMT-inclusive aggregate rows excluded; values otherwise retained
verified/R17/bootstrap_ci.csv,ff770b6a07c5b2b27b9074c43ad55e7cb6cd615f8d1dac21b658b65e37a015d2,aggregates/R17/bootstrap_ci.csv,21df3c645b09c2c060528db9f1702d364002c9247b7dfc2bdf9bb98e88e7ee30,CSV serialization; EMT and EMT-inclusive aggregate rows excluded; values otherwise retained
verified/R17/prediction_metrics.csv,c973362be68c46a1e3ca24d8b5e17ea3d4c97356363ca2688d5948e2e4472158,aggregates/R17/prediction_metrics.csv,9e13d726eed90bc503643704d8a20eaedceff9c2e19a3509912e97fcf66a90dc,CSV serialization; EMT and EMT-inclusive aggregate rows excluded; values otherwise retained
R16/audits/r15_20260917/results/tables/sequence_impact.csv,1083410c3ade04556f6d3e6f8d6194b59b4984570eb5d1076ac1cc66efac3668,aggregates/R16/sequence_impact.csv,b316fe3c7720060237d522d9d1720ad2ae96f1669d9c44f81cfe1e1b61c35a6e,EMT excluded; author aggregate counts only
R17/code/r16_snapshot/src/__init__.py,e3b0c44298fc1c149afbf4c8996fb92427ae41e4649b934ca495991b7852b855,research/r17/code/r16_snapshot/src/__init__.py,e3b0c44298fc1c149afbf4c8996fb92427ae41e4649b934ca495991b7852b855,unchanged selected file
R17/code/r16_snapshot/src/config.py,25900f1f169aae03962385cb4a35adb7f1f7bd86274a19eb717323d1f431a543,research/r17/code/r16_snapshot/src/config.py,25900f1f169aae03962385cb4a35adb7f1f7bd86274a19eb717323d1f431a543,unchanged selected file
R17/code/r16_snapshot/src/data/__init__.py,e3b0c44298fc1c149afbf4c8996fb92427ae41e4649b934ca495991b7852b855,research/r17/code/r16_snapshot/src/data/__init__.py,e3b0c44298fc1c149afbf4c8996fb92427ae41e4649b934ca495991b7852b855,unchanged selected file
R17/code/r16_snapshot/src/data/base_adapter.py,0ec9980a7d07e14505f3726f6997629910cfd390bbfdd6a00c272a3ef7c4f66f,research/r17/code/r16_snapshot/src/data/base_adapter.py,0ec9980a7d07e14505f3726f6997629910cfd390bbfdd6a00c272a3ef7c4f66f,unchanged selected file
R17/code/r16_snapshot/src/data/emt_adapter.py,d34cf4a12ccb14b46cd893310820641451da00128d2365b750abab76a94bc063,research/r17/code/r16_snapshot/src/data/emt_adapter.py,d34cf4a12ccb14b46cd893310820641451da00128d2365b750abab76a94bc063,unchanged selected file
R17/code/r16_snapshot/src/data/emt_annotations.py,17c4518eabeffbbe60d618023a39027376b5fa46f336a0a0a59dc7f17d229cd4,research/r17/code/r16_snapshot/src/data/emt_annotations.py,17c4518eabeffbbe60d618023a39027376b5fa46f336a0a0a59dc7f17d229cd4,unchanged selected file
R17/code/r16_snapshot/src/data/etri_adapter.py,619dc98ab5150ace35cc0b7dfbd48f376a2440e740c0e61c8b0527ae4f3e29bd,research/r17/code/r16_snapshot/src/data/etri_adapter.py,619dc98ab5150ace35cc0b7dfbd48f376a2440e740c0e61c8b0527ae4f3e29bd,unchanged selected file
R17/code/r16_snapshot/src/data/events.py,4ea0e5281e667f26cb8c5c144ac3731d996a3e071c900f72202ca97491a2e012,research/r17/code/r16_snapshot/src/data/events.py,4ea0e5281e667f26cb8c5c144ac3731d996a3e071c900f72202ca97491a2e012,unchanged selected file
R17/code/r16_snapshot/src/data/exid_adapter.py,61a9bc803c72ca1ebdf5de59a9fede17dde51fe2fc9dd4a918c4822611592000,research/r17/code/r16_snapshot/src/data/exid_adapter.py,61a9bc803c72ca1ebdf5de59a9fede17dde51fe2fc9dd4a918c4822611592000,unchanged selected file
R17/code/r16_snapshot/src/data/highd_adapter.py,462b417e8d4e2ffa2a59023cbcb6d6e463a33c65e5e8bcf68ca3a2f297ea795c,research/r17/code/r16_snapshot/src/data/highd_adapter.py,462b417e8d4e2ffa2a59023cbcb6d6e463a33c65e5e8bcf68ca3a2f297ea795c,unchanged selected file
R17/code/r16_snapshot/src/data/mitra_adapter.py,546de976dfea10a6a2501a52e2540b0346daecd6a1f09a88239c633cd115db4d,research/r17/code/r16_snapshot/src/data/mitra_adapter.py,546de976dfea10a6a2501a52e2540b0346daecd6a1f09a88239c633cd115db4d,unchanged selected file
R17/code/r16_snapshot/src/data/ngsim_adapter.py,c35dcd79dc3650b6967884a8babd421f0ffbfdf0a77ec194da7bcc23de35469f,research/r17/code/r16_snapshot/src/data/ngsim_adapter.py,c35dcd79dc3650b6967884a8babd421f0ffbfdf0a77ec194da7bcc23de35469f,unchanged selected file
R17/code/r16_snapshot/src/data/schema.py,1ec10eac08d958bf3fad52f301a9622e7737147e9dccd4f35e8133fc5276a562,research/r17/code/r16_snapshot/src/data/schema.py,ef0753ce9066d6f1f12f9a604c2ba51c6872277c315fdf8c6c6e50ad194b3873,Restore original GAVOGO project label in module docstring from actual frozen server source; algorithm unchanged
R17/code/r16_snapshot/src/data/unid_adapter.py,bc6eabad715d4d960ad9eddb06c9818065613f8cc1612ce95ba53d5541392031,research/r17/code/r16_snapshot/src/data/unid_adapter.py,bc6eabad715d4d960ad9eddb06c9818065613f8cc1612ce95ba53d5541392031,unchanged selected file
R17/code/r16_snapshot/src/features/__init__.py,e3b0c44298fc1c149afbf4c8996fb92427ae41e4649b934ca495991b7852b855,research/r17/code/r16_snapshot/src/features/__init__.py,e3b0c44298fc1c149afbf4c8996fb92427ae41e4649b934ca495991b7852b855,unchanged selected file
R17/code/r16_snapshot/src/features/game_core.py,4e39538cb0f81ce45c2a13adcd154235b529472d09da9668279aa91421149b05,research/r17/code/r16_snapshot/src/features/game_core.py,4e39538cb0f81ce45c2a13adcd154235b529472d09da9668279aa91421149b05,unchanged selected file
R17/code/r16_snapshot/src/features/game_core_di.py,b18f587d0aa54e6448b14b933a18c67a8af6fd89c09919359411d3e9cce4555e,research/r17/code/r16_snapshot/src/features/game_core_di.py,b18f587d0aa54e6448b14b933a18c67a8af6fd89c09919359411d3e9cce4555e,unchanged selected file
R17/code/r16_snapshot/src/features/game_theory.py,dfe2f431daecc153fa74de2fc0a1b012a0be2a4e244ed95426421554ed95afa0,research/r17/code/r16_snapshot/src/features/game_theory.py,dfe2f431daecc153fa74de2fc0a1b012a0be2a4e244ed95426421554ed95afa0,unchanged selected file
R17/code/r16_snapshot/src/features/game_theory_di.py,d848c9c857f284e729d813d3b8b873344aa19dcb9ab73488dc35000211d8645a,research/r17/code/r16_snapshot/src/features/game_theory_di.py,d848c9c857f284e729d813d3b8b873344aa19dcb9ab73488dc35000211d8645a,unchanged selected file
R17/code/r16_snapshot/src/features/kinematic.py,35af5233752038645aaa159a89a1785aad1f4af83e5f5694a8dd5ee4c3c119c8,research/r17/code/r16_snapshot/src/features/kinematic.py,35af5233752038645aaa159a89a1785aad1f4af83e5f5694a8dd5ee4c3c119c8,unchanged selected file
R17/code/r16_snapshot/src/features/roadframe.py,ca709890ad97ee24c01ea289461e26afc794fa98586f441a457652e13119e49a,research/r17/code/r16_snapshot/src/features/roadframe.py,ca709890ad97ee24c01ea289461e26afc794fa98586f441a457652e13119e49a,unchanged selected file
R17/code/r16_snapshot/src/features/sampling.py,8da0257f6a1a02bdd39623cd69e034c2d8ae2a1b007c201f357085610a72d0e0,research/r17/code/r16_snapshot/src/features/sampling.py,410af7e88f51a32582d4a910a4d25ae497ac463c726f004801bef0d6db59d6a9,Restore original GAVOGO project label in module docstring from actual frozen server source; algorithm unchanged
R17/code/r16_snapshot/src/models/__init__.py,e3b0c44298fc1c149afbf4c8996fb92427ae41e4649b934ca495991b7852b855,research/r17/code/r16_snapshot/src/models/__init__.py,e3b0c44298fc1c149afbf4c8996fb92427ae41e4649b934ca495991b7852b855,unchanged selected file
R17/code/r16_snapshot/src/models/baselines.py,f025452300133775670f98b273363617fd5e752b3e09f5567f4107e96ea54410,research/r17/code/r16_snapshot/src/models/baselines.py,f025452300133775670f98b273363617fd5e752b3e09f5567f4107e96ea54410,unchanged selected file
R17/code/r16_snapshot/src/models/metrics.py,9ad9e362a6d8f53306e9a26f22c680372c6455a46c34a04201ad3b886f764e3e,research/r17/code/r16_snapshot/src/models/metrics.py,9ad9e362a6d8f53306e9a26f22c680372c6455a46c34a04201ad3b886f764e3e,unchanged selected file
R17/code/r16_snapshot/src/models/train.py,c77236fec4a34c168c7a08e6ca69581073c0ece3951c9bf68ce60b85d0ca178e,research/r17/code/r16_snapshot/src/models/train.py,c77236fec4a34c168c7a08e6ca69581073c0ece3951c9bf68ce60b85d0ca178e,unchanged selected file
R17/code/r16_snapshot/scripts/01_build_events.py,fd28d9be39530f20735f09f589c0f3578c0ab3be5b6a0a393d415e8fde175c04,research/r17/code/r16_snapshot/scripts/01_build_events.py,fd28d9be39530f20735f09f589c0f3578c0ab3be5b6a0a393d415e8fde175c04,unchanged selected file
R17/code/r16_snapshot/scripts/02_build_features.py,ee691de0c71cc0a9192b72fe7d536bf7b643faeda0922d58f8808465f3dfaca7,research/r17/code/r16_snapshot/scripts/02_build_features.py,ee691de0c71cc0a9192b72fe7d536bf7b643faeda0922d58f8808465f3dfaca7,unchanged selected file
R17/code/r16_snapshot/scripts/02_build_features_conventional.py,32cd8d4417bbc448b0ade778a74a8d5f2033be9cf3e4297b565a36684a4d7194,research/r17/code/r16_snapshot/scripts/02_build_features_conventional.py,32cd8d4417bbc448b0ade778a74a8d5f2033be9cf3e4297b565a36684a4d7194,unchanged selected file
R17/code/r16_snapshot/scripts/03_build_game_features.py,8b31dfbff00c9b09b250e5e22992e3281558d729577a51bcc70ddc31a0022160,research/r17/code/r16_snapshot/scripts/03_build_game_features.py,8b31dfbff00c9b09b250e5e22992e3281558d729577a51bcc70ddc31a0022160,unchanged selected file
R17/code/r16_snapshot/scripts/03b_build_game_di.py,6478546086cb5a1c1cf3a78cd11f995d215451f52ca48cd2321675e11fec7a24,research/r17/code/r16_snapshot/scripts/03b_build_game_di.py,6478546086cb5a1c1cf3a78cd11f995d215451f52ca48cd2321675e11fec7a24,unchanged selected file
R17/code/r16_snapshot/scripts/04_train.py,9b017910e9779ba195662d9e05ea1fc4ce0de20fdf3d0f389b7957ba9a457fc3,research/r17/code/r16_snapshot/scripts/04_train.py,9b017910e9779ba195662d9e05ea1fc4ce0de20fdf3d0f389b7957ba9a457fc3,unchanged selected file
R17/code/r16_snapshot/scripts/04b_baselines.py,288a3c57b9327b99bc355e7028955062de8e4a16a91eae2f7a0f18feb42c8466,research/r17/code/r16_snapshot/scripts/04b_baselines.py,288a3c57b9327b99bc355e7028955062de8e4a16a91eae2f7a0f18feb42c8466,unchanged selected file
R17/code/r16_snapshot/scripts/04c_tabtransformer.py,a60a1f60991cd45b81d29275aed8ba188bfad5c3078040e414bdd12912370a99,research/r17/code/r16_snapshot/scripts/04c_tabtransformer.py,a60a1f60991cd45b81d29275aed8ba188bfad5c3078040e414bdd12912370a99,unchanged selected file
R17/code/r16_snapshot/scripts/05_domain_adapt_v2.py,620eff21f709d03e18f9d466c8d843bc3154871f42d9cd896419efed03b4cc11,research/r17/code/r16_snapshot/scripts/05_domain_adapt_v2.py,620eff21f709d03e18f9d466c8d843bc3154871f42d9cd896419efed03b4cc11,unchanged selected file
R17/code/r16_snapshot/scripts/06_noise_robustness.py,f0fab4266065526e30545b7278dcdaac7b1d0ee3b40b8c286913c425a6d71f32,research/r17/code/r16_snapshot/scripts/06_noise_robustness.py,f0fab4266065526e30545b7278dcdaac7b1d0ee3b40b8c286913c425a6d71f32,unchanged selected file
R17/code/r16_snapshot/scripts/07_lodo.py,776a3fab02d610ea359cd8f1286fb1eff59f5e88c0ddb6f865acabf3261408b5,research/r17/code/r16_snapshot/scripts/07_lodo.py,776a3fab02d610ea359cd8f1286fb1eff59f5e88c0ddb6f865acabf3261408b5,unchanged selected file
R17/code/r16_snapshot/scripts/08_shap.py,9e652907f3d25fb0b47d2ce02c6d225b25f60fa28c774337848da01ed501b74a,research/r17/code/r16_snapshot/scripts/08_shap.py,9e652907f3d25fb0b47d2ce02c6d225b25f60fa28c774337848da01ed501b74a,unchanged selected file
R17/code/r16_snapshot/scripts/09_case_study.py,4454dca9dad5f3e14eb15fb486f1e12f864fb9710380b481f43850425b1723cb,research/r17/code/r16_snapshot/scripts/09_case_study.py,4454dca9dad5f3e14eb15fb486f1e12f864fb9710380b481f43850425b1723cb,unchanged selected file
R17/code/r16_snapshot/scripts/10_domain_shift.py,eb093edaa3dcf1e2e495546b3bed6e7260ccc0bf7e5ec49d5d567efecdfd3dfa,research/r17/code/r16_snapshot/scripts/10_domain_shift.py,eb093edaa3dcf1e2e495546b3bed6e7260ccc0bf7e5ec49d5d567efecdfd3dfa,unchanged selected file
R17/code/r16_snapshot/scripts/11_significance.py,471517a297bceacaf62680367422a9bbc997f21a23b7fac3069c0a025f3fff42,research/r17/code/r16_snapshot/scripts/11_significance.py,471517a297bceacaf62680367422a9bbc997f21a23b7fac3069c0a025f3fff42,unchanged selected file
R17/code/r16_snapshot/scripts/12_extras.py,d8666ef1fca96fd2a2aa616fba8e738431d9ac09e368c09d244fb70bc36e79c9,research/r17/code/r16_snapshot/scripts/12_extras.py,d8666ef1fca96fd2a2aa616fba8e738431d9ac09e368c09d244fb70bc36e79c9,unchanged selected file
R17/code/r16_snapshot/scripts/13_dl_latency.py,beaaccae1a82f8eb8f3892271aaaaf81d9493556a22400ad6fa407308de58df2,research/r17/code/r16_snapshot/scripts/13_dl_latency.py,beaaccae1a82f8eb8f3892271aaaaf81d9493556a22400ad6fa407308de58df2,unchanged selected file
R17/code/r16_snapshot/scripts/14_adapter_ablation.py,f9fb3595f4c9a04551200d0bd9d5860d461bced0aa2226196050a74e4faababd,research/r17/code/r16_snapshot/scripts/14_adapter_ablation.py,f9fb3595f4c9a04551200d0bd9d5860d461bced0aa2226196050a74e4faababd,unchanged selected file
R17/code/r16_snapshot/scripts/15_loco.py,1070615a9d94f9c6e089b5c85f2c4fa61d1d32b737170f719b06e14b03a9114a,research/r17/code/r16_snapshot/scripts/15_loco.py,1070615a9d94f9c6e089b5c85f2c4fa61d1d32b737170f719b06e14b03a9114a,unchanged selected file
R17/code/r16_snapshot/scripts/16_domain_invariant.py,2c7a9e12084d6d896fcb2699518be1b81f46dbfd33ee98d87f3aef71148d6366,research/r17/code/r16_snapshot/scripts/16_domain_invariant.py,2c7a9e12084d6d896fcb2699518be1b81f46dbfd33ee98d87f3aef71148d6366,unchanged selected file
R17/code/r16_snapshot/scripts/17_game_di_eval.py,4e3dabe21704c24494371090469ca386db9fcb5dd9c3c520fe78173a85cda08d,research/r17/code/r16_snapshot/scripts/17_game_di_eval.py,4e3dabe21704c24494371090469ca386db9fcb5dd9c3c520fe78173a85cda08d,unchanged selected file
R17/code/r16_snapshot/scripts/18_tiv_remaining.py,515a0736c586ce78c6c33b32c163ea29d585fdd86b535124ea999a36253531d2,research/r17/code/r16_snapshot/scripts/18_tiv_remaining.py,515a0736c586ce78c6c33b32c163ea29d585fdd86b535124ea999a36253531d2,unchanged selected file
R17/code/r16_snapshot/scripts/19_baselines_all.py,fcf84edd1ccdada24b80e9e9412b8de51da0777a44b3eb3f057e1d9ec56b8262,research/r17/code/r16_snapshot/scripts/19_baselines_all.py,fcf84edd1ccdada24b80e9e9412b8de51da0777a44b3eb3f057e1d9ec56b8262,unchanged selected file
R17/code/r16_snapshot/scripts/20_adapt_control.py,299200d0091798a70ca67b81801c41e0c0723b5c0546c49204c332f15b450868,research/r17/code/r16_snapshot/scripts/20_adapt_control.py,299200d0091798a70ca67b81801c41e0c0723b5c0546c49204c332f15b450868,unchanged selected file
R17/code/r16_snapshot/scripts/21_margin_sweep.py,242ddfacfe24f27c45ea68d1ec910db249f1986f9539734b64eebcd1591f8287,research/r17/code/r16_snapshot/scripts/21_margin_sweep.py,242ddfacfe24f27c45ea68d1ec910db249f1986f9539734b64eebcd1591f8287,unchanged selected file
R17/code/r16_snapshot/scripts/22_discard_audit.py,904f749fc6b6e070dc4714f374a957fe867bcc015254f854c3f6b3eb0279b530,research/r17/code/r16_snapshot/scripts/22_discard_audit.py,904f749fc6b6e070dc4714f374a957fe867bcc015254f854c3f6b3eb0279b530,unchanged selected file
R17/code/r16_snapshot/scripts/23_ood_ci.py,cb86fca75c4804613f6c2418fd2fc253ff59564de2c27e92fa99b18dd8c4ac91,research/r17/code/r16_snapshot/scripts/23_ood_ci.py,cb86fca75c4804613f6c2418fd2fc253ff59564de2c27e92fa99b18dd8c4ac91,unchanged selected file
R17/code/r16_snapshot/scripts/24_roadtype.py,96182e7a41409893bda9efce7ec40b10e9449ad977a497df5d460202a919a974,research/r17/code/r16_snapshot/scripts/24_roadtype.py,96182e7a41409893bda9efce7ec40b10e9449ad977a497df5d460202a919a974,unchanged selected file
R17/code/r16_snapshot/scripts/26_leakage_quant.py,30d228fc0427eef66e2dc18916814a10d788c57318be881c29b32cf82baf44ea,research/r17/code/r16_snapshot/scripts/26_leakage_quant.py,30d228fc0427eef66e2dc18916814a10d788c57318be881c29b32cf82baf44ea,unchanged selected file
R17/code/r16_snapshot/scripts/27_conventional_leakage.py,58931ea384cfea1292e24dcbc2ff6483eac42492faf2c399462c450bc4b0aed6,research/r17/code/r16_snapshot/scripts/27_conventional_leakage.py,58931ea384cfea1292e24dcbc2ff6483eac42492faf2c399462c450bc4b0aed6,unchanged selected file
R17/code/r16_snapshot/scripts/28_horizon1.py,dba301118e02eb729b848e1ff873d47b45f6e5b5ca93a19a5d1310b8c42e920c,research/r17/code/r16_snapshot/scripts/28_horizon1.py,dba301118e02eb729b848e1ff873d47b45f6e5b5ca93a19a5d1310b8c42e920c,unchanged selected file
R17/code/r16_snapshot/scripts/29_dataset_stats.py,6fb68fc99d13f7afaabf63d224ef22e38493b9e0ed91638dc24952223994a743,research/r17/code/r16_snapshot/scripts/29_dataset_stats.py,6fb68fc99d13f7afaabf63d224ef22e38493b9e0ed91638dc24952223994a743,unchanged selected file
R17/code/r16_snapshot/scripts/30_lodo7.py,0eceed3b6d17a58ce7b80e27c7bf821d0d8908dee6c0b5b0fdf04c32c5526426,research/r17/code/r16_snapshot/scripts/30_lodo7.py,0eceed3b6d17a58ce7b80e27c7bf821d0d8908dee6c0b5b0fdf04c32c5526426,unchanged selected file
R17/code/r16_snapshot/scripts/31_simple_baselines.py,439218196ba17ec9151ea3e5599ab261c3604a790579d880a0e424d513d4543e,research/r17/code/r16_snapshot/scripts/31_simple_baselines.py,439218196ba17ec9151ea3e5599ab261c3604a790579d880a0e424d513d4543e,unchanged selected file
R17/code/r16_snapshot/scripts/32_purity_auc.py,d3eb54fcb343145f4be480fbbf1a21f319d3c37afd66b6bcabc2adaaa4a124f5,research/r17/code/r16_snapshot/scripts/32_purity_auc.py,d3eb54fcb343145f4be480fbbf1a21f319d3c37afd66b6bcabc2adaaa4a124f5,unchanged selected file
R17/code/r16_snapshot/scripts/33_domain_confusion.py,e4cd958241ffbbd4a91dd75a7cea1cf0722f9a36e84bc2dedb45b6185a2fbd5d,research/r17/code/r16_snapshot/scripts/33_domain_confusion.py,e4cd958241ffbbd4a91dd75a7cea1cf0722f9a36e84bc2dedb45b6185a2fbd5d,unchanged selected file
R17/code/r16_snapshot/scripts/34_coral.py,3fc4e2fbe946fff11ff8b1c421341d307eb91b27a129c557bb0ad9709f1a0ad9,research/r17/code/r16_snapshot/scripts/34_coral.py,3fc4e2fbe946fff11ff8b1c421341d307eb91b27a129c557bb0ad9709f1a0ad9,unchanged selected file
R17/code/r16_snapshot/scripts/35_table5_repro.py,5ca3cb8147d4bba46a9df080ddaa2accb2ff625f653bf308333e3a4337a360ba,research/r17/code/r16_snapshot/scripts/35_table5_repro.py,5ca3cb8147d4bba46a9df080ddaa2accb2ff625f653bf308333e3a4337a360ba,unchanged selected file
R17/code/r16_snapshot/scripts/36_r15_revalidate.py,9dc482257ae4d064efca62fd7324cb8d1c82527d8397e8b993b527c061d125dc,research/r17/code/r16_snapshot/scripts/36_r15_revalidate.py,9dc482257ae4d064efca62fd7324cb8d1c82527d8397e8b993b527c061d125dc,unchanged selected file
R17/code/r16_snapshot/scripts/diag_purity_all.py,d008e840091bb722cbedd730678b3b070309e7e754ecf89bcc157659f4d00cb2,research/r17/code/r16_snapshot/scripts/diag_purity_all.py,d008e840091bb722cbedd730678b3b070309e7e754ecf89bcc157659f4d00cb2,unchanged selected file
R17/code/r16_snapshot/scripts/diag_shortcut.py,63481f809e09c48466f27392120b4637a3aba7be3f71a898ad3d22bce1e1831d,research/r17/code/r16_snapshot/scripts/diag_shortcut.py,63481f809e09c48466f27392120b4637a3aba7be3f71a898ad3d22bce1e1831d,unchanged selected file
R17/code/r16_snapshot/scripts/fig_gamedi_scatter.py,62d19638ca5a139dd1c6deb940777ae928b38829e72f6950465aa5673dd47f34,research/r17/code/r16_snapshot/scripts/fig_gamedi_scatter.py,62d19638ca5a139dd1c6deb940777ae928b38829e72f6950465aa5673dd47f34,unchanged selected file
R17/code/r16_snapshot/scripts/fig_ieee.py,4d540f827055eb5887bee4df3796fa80a085df68492f6cdf3647ca863f32013d,research/r17/code/r16_snapshot/scripts/fig_ieee.py,4d540f827055eb5887bee4df3796fa80a085df68492f6cdf3647ca863f32013d,unchanged selected file
R17/code/r16_snapshot/scripts/fig_reliability_standalone.py,bbb75f16ec51db2ab00ba8e1eb502d4fe017c9ec894ae05ce7ac729535e4e36c,research/r17/code/r16_snapshot/scripts/fig_reliability_standalone.py,bbb75f16ec51db2ab00ba8e1eb502d4fe017c9ec894ae05ce7ac729535e4e36c,unchanged selected file
R17/code/r16_snapshot/scripts/fig_shap_ieee.py,59545773bccb2b0c21b8e45be905c757ff595454a9a38434d16dc6d8b2dede8d,research/r17/code/r16_snapshot/scripts/fig_shap_ieee.py,59545773bccb2b0c21b8e45be905c757ff595454a9a38434d16dc6d8b2dede8d,unchanged selected file
R17/code/r16_snapshot/scripts/sanity_game_di.py,ed5239d4a200a1afecde8a3a4117fbf8096229a3d286284f88f6dfe89533d9ca,research/r17/code/r16_snapshot/scripts/sanity_game_di.py,ed5239d4a200a1afecde8a3a4117fbf8096229a3d286284f88f6dfe89533d9ca,unchanged selected file
R17/code/r16_snapshot/scripts/sanity_within.py,c3271e8983d2e3c0033b10e12b274d4e3c8b9825c061133e4651eda8bbfdb904,research/r17/code/r16_snapshot/scripts/sanity_within.py,c3271e8983d2e3c0033b10e12b274d4e3c8b9825c061133e4651eda8bbfdb904,unchanged selected file
R16/src/__init__.py,e3b0c44298fc1c149afbf4c8996fb92427ae41e4649b934ca495991b7852b855,research/r16/src/__init__.py,e3b0c44298fc1c149afbf4c8996fb92427ae41e4649b934ca495991b7852b855,unchanged selected file
R16/src/config.py,25900f1f169aae03962385cb4a35adb7f1f7bd86274a19eb717323d1f431a543,research/r16/src/config.py,25900f1f169aae03962385cb4a35adb7f1f7bd86274a19eb717323d1f431a543,unchanged selected file
R16/src/data/__init__.py,e3b0c44298fc1c149afbf4c8996fb92427ae41e4649b934ca495991b7852b855,research/r16/src/data/__init__.py,e3b0c44298fc1c149afbf4c8996fb92427ae41e4649b934ca495991b7852b855,unchanged selected file
R16/src/data/base_adapter.py,0ec9980a7d07e14505f3726f6997629910cfd390bbfdd6a00c272a3ef7c4f66f,research/r16/src/data/base_adapter.py,0ec9980a7d07e14505f3726f6997629910cfd390bbfdd6a00c272a3ef7c4f66f,unchanged selected file
R16/src/data/emt_adapter.py,d34cf4a12ccb14b46cd893310820641451da00128d2365b750abab76a94bc063,research/r16/src/data/emt_adapter.py,d34cf4a12ccb14b46cd893310820641451da00128d2365b750abab76a94bc063,unchanged selected file
R16/src/data/emt_annotations.py,17c4518eabeffbbe60d618023a39027376b5fa46f336a0a0a59dc7f17d229cd4,research/r16/src/data/emt_annotations.py,17c4518eabeffbbe60d618023a39027376b5fa46f336a0a0a59dc7f17d229cd4,unchanged selected file
R16/src/data/etri_adapter.py,619dc98ab5150ace35cc0b7dfbd48f376a2440e740c0e61c8b0527ae4f3e29bd,research/r16/src/data/etri_adapter.py,619dc98ab5150ace35cc0b7dfbd48f376a2440e740c0e61c8b0527ae4f3e29bd,unchanged selected file
R16/src/data/events.py,4ea0e5281e667f26cb8c5c144ac3731d996a3e071c900f72202ca97491a2e012,research/r16/src/data/events.py,4ea0e5281e667f26cb8c5c144ac3731d996a3e071c900f72202ca97491a2e012,unchanged selected file
R16/src/data/exid_adapter.py,61a9bc803c72ca1ebdf5de59a9fede17dde51fe2fc9dd4a918c4822611592000,research/r16/src/data/exid_adapter.py,61a9bc803c72ca1ebdf5de59a9fede17dde51fe2fc9dd4a918c4822611592000,unchanged selected file
R16/src/data/highd_adapter.py,462b417e8d4e2ffa2a59023cbcb6d6e463a33c65e5e8bcf68ca3a2f297ea795c,research/r16/src/data/highd_adapter.py,462b417e8d4e2ffa2a59023cbcb6d6e463a33c65e5e8bcf68ca3a2f297ea795c,unchanged selected file
R16/src/data/mitra_adapter.py,546de976dfea10a6a2501a52e2540b0346daecd6a1f09a88239c633cd115db4d,research/r16/src/data/mitra_adapter.py,546de976dfea10a6a2501a52e2540b0346daecd6a1f09a88239c633cd115db4d,unchanged selected file
R16/src/data/ngsim_adapter.py,c35dcd79dc3650b6967884a8babd421f0ffbfdf0a77ec194da7bcc23de35469f,research/r16/src/data/ngsim_adapter.py,c35dcd79dc3650b6967884a8babd421f0ffbfdf0a77ec194da7bcc23de35469f,unchanged selected file
R16/src/data/schema.py,1ec10eac08d958bf3fad52f301a9622e7737147e9dccd4f35e8133fc5276a562,research/r16/src/data/schema.py,ef0753ce9066d6f1f12f9a604c2ba51c6872277c315fdf8c6c6e50ad194b3873,Restore original GAVOGO project label in module docstring from actual frozen server source; algorithm unchanged
R16/src/data/unid_adapter.py,bc6eabad715d4d960ad9eddb06c9818065613f8cc1612ce95ba53d5541392031,research/r16/src/data/unid_adapter.py,bc6eabad715d4d960ad9eddb06c9818065613f8cc1612ce95ba53d5541392031,unchanged selected file
R16/src/features/__init__.py,e3b0c44298fc1c149afbf4c8996fb92427ae41e4649b934ca495991b7852b855,research/r16/src/features/__init__.py,e3b0c44298fc1c149afbf4c8996fb92427ae41e4649b934ca495991b7852b855,unchanged selected file
R16/src/features/game_core.py,4e39538cb0f81ce45c2a13adcd154235b529472d09da9668279aa91421149b05,research/r16/src/features/game_core.py,4e39538cb0f81ce45c2a13adcd154235b529472d09da9668279aa91421149b05,unchanged selected file
R16/src/features/game_core_di.py,b18f587d0aa54e6448b14b933a18c67a8af6fd89c09919359411d3e9cce4555e,research/r16/src/features/game_core_di.py,b18f587d0aa54e6448b14b933a18c67a8af6fd89c09919359411d3e9cce4555e,unchanged selected file
R16/src/features/game_theory.py,dfe2f431daecc153fa74de2fc0a1b012a0be2a4e244ed95426421554ed95afa0,research/r16/src/features/game_theory.py,dfe2f431daecc153fa74de2fc0a1b012a0be2a4e244ed95426421554ed95afa0,unchanged selected file
R16/src/features/game_theory_di.py,d848c9c857f284e729d813d3b8b873344aa19dcb9ab73488dc35000211d8645a,research/r16/src/features/game_theory_di.py,d848c9c857f284e729d813d3b8b873344aa19dcb9ab73488dc35000211d8645a,unchanged selected file
R16/src/features/kinematic.py,35af5233752038645aaa159a89a1785aad1f4af83e5f5694a8dd5ee4c3c119c8,research/r16/src/features/kinematic.py,35af5233752038645aaa159a89a1785aad1f4af83e5f5694a8dd5ee4c3c119c8,unchanged selected file
R16/src/features/roadframe.py,ca709890ad97ee24c01ea289461e26afc794fa98586f441a457652e13119e49a,research/r16/src/features/roadframe.py,ca709890ad97ee24c01ea289461e26afc794fa98586f441a457652e13119e49a,unchanged selected file
R16/src/features/sampling.py,8da0257f6a1a02bdd39623cd69e034c2d8ae2a1b007c201f357085610a72d0e0,research/r16/src/features/sampling.py,410af7e88f51a32582d4a910a4d25ae497ac463c726f004801bef0d6db59d6a9,Restore original GAVOGO project label in module docstring from actual frozen server source; algorithm unchanged
R16/src/models/__init__.py,e3b0c44298fc1c149afbf4c8996fb92427ae41e4649b934ca495991b7852b855,research/r16/src/models/__init__.py,e3b0c44298fc1c149afbf4c8996fb92427ae41e4649b934ca495991b7852b855,unchanged selected file
R16/src/models/baselines.py,f025452300133775670f98b273363617fd5e752b3e09f5567f4107e96ea54410,research/r16/src/models/baselines.py,f025452300133775670f98b273363617fd5e752b3e09f5567f4107e96ea54410,unchanged selected file
R16/src/models/metrics.py,9ad9e362a6d8f53306e9a26f22c680372c6455a46c34a04201ad3b886f764e3e,research/r16/src/models/metrics.py,9ad9e362a6d8f53306e9a26f22c680372c6455a46c34a04201ad3b886f764e3e,unchanged selected file
R16/src/models/train.py,c77236fec4a34c168c7a08e6ca69581073c0ece3951c9bf68ce60b85d0ca178e,research/r16/src/models/train.py,c77236fec4a34c168c7a08e6ca69581073c0ece3951c9bf68ce60b85d0ca178e,unchanged selected file
R16/scripts/05_domain_adapt_v2.py,620eff21f709d03e18f9d466c8d843bc3154871f42d9cd896419efed03b4cc11,research/r16/scripts/05_domain_adapt_v2.py,620eff21f709d03e18f9d466c8d843bc3154871f42d9cd896419efed03b4cc11,unchanged selected file
R16/scripts/12_extras.py,d8666ef1fca96fd2a2aa616fba8e738431d9ac09e368c09d244fb70bc36e79c9,research/r16/scripts/12_extras.py,d8666ef1fca96fd2a2aa616fba8e738431d9ac09e368c09d244fb70bc36e79c9,unchanged selected file
R16/scripts/15_loco.py,1070615a9d94f9c6e089b5c85f2c4fa61d1d32b737170f719b06e14b03a9114a,research/r16/scripts/15_loco.py,1070615a9d94f9c6e089b5c85f2c4fa61d1d32b737170f719b06e14b03a9114a,unchanged selected file
R16/scripts/18_tiv_remaining.py,515a0736c586ce78c6c33b32c163ea29d585fdd86b535124ea999a36253531d2,research/r16/scripts/18_tiv_remaining.py,515a0736c586ce78c6c33b32c163ea29d585fdd86b535124ea999a36253531d2,unchanged selected file
R16/scripts/19_baselines_all.py,fcf84edd1ccdada24b80e9e9412b8de51da0777a44b3eb3f057e1d9ec56b8262,research/r16/scripts/19_baselines_all.py,fcf84edd1ccdada24b80e9e9412b8de51da0777a44b3eb3f057e1d9ec56b8262,unchanged selected file
R16/scripts/20_adapt_control.py,299200d0091798a70ca67b81801c41e0c0723b5c0546c49204c332f15b450868,research/r16/scripts/20_adapt_control.py,299200d0091798a70ca67b81801c41e0c0723b5c0546c49204c332f15b450868,unchanged selected file
R16/scripts/36_r15_revalidate.py,9dc482257ae4d064efca62fd7324cb8d1c82527d8397e8b993b527c061d125dc,research/r16/scripts/36_r15_revalidate.py,9dc482257ae4d064efca62fd7324cb8d1c82527d8397e8b993b527c061d125dc,unchanged selected file
R17/code/common_v1.py,60a72d1924bdd6d435da014456ed17721b9ea6eebc2aae4b4b0f429fa4d3fb47,research/r17/code/common_v1.py,60a72d1924bdd6d435da014456ed17721b9ea6eebc2aae4b4b0f429fa4d3fb47,unchanged selected file
R17/code/run_A_v1.py,ac9ed369666b810a3cba524c3e753ad500fb7b187d87bbd18268d3bfdf2d022a,research/r17/code/run_A_v1.py,ac9ed369666b810a3cba524c3e753ad500fb7b187d87bbd18268d3bfdf2d022a,unchanged selected file
R17/code/run_B_v1.py,49209a8c5f2ded3a894bba5c5c5488c8d3c002008592d0f40a1fc57426249b75,research/r17/code/run_B_v1.py,49209a8c5f2ded3a894bba5c5c5488c8d3c002008592d0f40a1fc57426249b75,unchanged selected file
R17/code/run_C_v1.py,ac144ed795c028438e8dffbddbb9d2273631e3d389c20e517357ca356f745df1,research/r17/code/run_C_v1.py,ac144ed795c028438e8dffbddbb9d2273631e3d389c20e517357ca356f745df1,unchanged selected file
R17/code/test_R17_v2.py,24ac8b4dc8cc93448dbf8fe59585b3852d0880b4da9bd8da05c8b464c1f10790,research/r17/code/test_R17_v2.py,24ac8b4dc8cc93448dbf8fe59585b3852d0880b4da9bd8da05c8b464c1f10790,unchanged selected file
R17/code/recalculate_metrics_v1.py,7e7cd1b39bd1fd64bec33ca594a1137b7252dea26b51dd25ed07fdf4764ca05f,research/r17/code/recalculate_metrics_v1.py,7e7cd1b39bd1fd64bec33ca594a1137b7252dea26b51dd25ed07fdf4764ca05f,unchanged selected file
R17/code/recalculate_bootstrap_v1.py,e32e410ae3702e37ca33d629b04e6abffabb5c82ca99faa73acc13b44b2646ff,research/r17/code/recalculate_bootstrap_v1.py,e32e410ae3702e37ca33d629b04e6abffabb5c82ca99faa73acc13b44b2646ff,unchanged selected file
R17/code/r16_snapshot/tests/test_recording_boundaries.py,7894acee6a990f246f6e7a52687af18d0719cdeb3e5b3c300aa0208d09cafb2a,research/r17/code/r16_snapshot/tests/test_recording_boundaries.py,7894acee6a990f246f6e7a52687af18d0719cdeb3e5b3c300aa0208d09cafb2a,unchanged selected file
R17/configs/code_freeze_A_v1.json,3b6670ee3083213514d7966232e54cf96f1d4cebacce620e028f9da0d65c1024,research/r17/configs/code_freeze_A_v1.json,3b6670ee3083213514d7966232e54cf96f1d4cebacce620e028f9da0d65c1024,unchanged selected file
R16/LICENSE,9f1abe28a25b5f6f95c58a81a647de3fa72ff6388d228c59bddd079255709989,LICENSE_CODE,9f1abe28a25b5f6f95c58a81a647de3fa72ff6388d228c59bddd079255709989,unchanged selected file
reproduce/plot_vehicle_results.py,ac638d3cf22dc2d51a02ccc836b1d71b6a46bc4da951c0da00894d88ca909dc7,reproduce/plot_vehicle_public.py,2591b47423c1981dc8ba4607477efcd7bd3653db509a5669ae1c4a1c3eaf61fc,Optional SHAP argument; explicitly skip only S3 regeneration without private arrays; aggregate panels unchanged
reproduce/plot_recording_results.py,e1e23e39e49abd6e08be63fff8e09285db582e1772a817e8f2a7e0a33494014d,reproduce/plot_recording_results.py,e1e23e39e49abd6e08be63fff8e09285db582e1772a817e8f2a7e0a33494014d,unchanged selected file
figures/fig1_corrections.pdf,e480544af97c2636251e3b1cee3e2ef74bad348d5251624e266bd8dde4f6b1bb,figures/fig1_corrections.pdf,e480544af97c2636251e3b1cee3e2ef74bad348d5251624e266bd8dde4f6b1bb,unchanged selected file
figures/fig1_corrections.png,9cf69296a5c19f1a489c6b86d30015fd382a25090fbd280a26c190d82c0217d1,figures/fig1_corrections.png,9cf69296a5c19f1a489c6b86d30015fd382a25090fbd280a26c190d82c0217d1,unchanged selected file
figures/fig2_samefit.pdf,4a413978abad1f4d0c46de70699ce5f16599d96ae63411e20db51c72dc1b78d1,figures/fig2_samefit.pdf,4a413978abad1f4d0c46de70699ce5f16599d96ae63411e20db51c72dc1b78d1,unchanged selected file
figures/fig2_samefit.png,64c61c51344bdf38e1e01562e26614e3f1dee2a9f49e1a7cc43a931636bd6ea1,figures/fig2_samefit.png,64c61c51344bdf38e1e01562e26614e3f1dee2a9f49e1a7cc43a931636bd6ea1,unchanged selected file
figures/fig3_attribution.pdf,81712407961903d1bd8064e441bed8736cfcd43a2f0058de96b1479fa6c3c1a0,figures/fig3_attribution.pdf,81712407961903d1bd8064e441bed8736cfcd43a2f0058de96b1479fa6c3c1a0,unchanged selected file
figures/fig3_attribution.png,eb3068e20cf576adc020cde8522eb0fe5b12bc0e7628ae9cc69870339531b3df,figures/fig3_attribution.png,eb3068e20cf576adc020cde8522eb0fe5b12bc0e7628ae9cc69870339531b3df,unchanged selected file
figures/fig4_shap_distribution.pdf,5a6d5ea54a37399d737d11bf99cc457108ae8288e096f6167d4dfaa30507072d,figures/fig4_shap_distribution.pdf,5a6d5ea54a37399d737d11bf99cc457108ae8288e096f6167d4dfaa30507072d,unchanged selected file
figures/fig4_shap_distribution.png,8060dbec6eaf186a2f514163b34f741629d3d7f6650c6c6fdc619c420d0984bf,figures/fig4_shap_distribution.png,8060dbec6eaf186a2f514163b34f741629d3d7f6650c6c6fdc619c420d0984bf,unchanged selected file
figures/fig5_adaptation.pdf,702a6060f2c871877e94ba4b15acf1dc9f7afa19e5c44ac7fe9631c2b50ecc76,figures/fig5_adaptation.pdf,702a6060f2c871877e94ba4b15acf1dc9f7afa19e5c44ac7fe9631c2b50ecc76,unchanged selected file
figures/fig5_adaptation.png,7ad55c312169c9cf16293ff09b1e35f289079d8a534b8ced4a526f11f3fa8190,figures/fig5_adaptation.png,7ad55c312169c9cf16293ff09b1e35f289079d8a534b8ced4a526f11f3fa8190,unchanged selected file
figures/fig6_paired_gain.pdf,a424a37909210f263614e8f35a30481a328baed566b338afb4dbc41c6e9dbe12,figures/fig6_paired_gain.pdf,a424a37909210f263614e8f35a30481a328baed566b338afb4dbc41c6e9dbe12,unchanged selected file
figures/fig6_paired_gain.png,7424194c0fdf29f2c8d327368bfad2792bc9b5386fd3a66caf2db66bacb45fc3,figures/fig6_paired_gain.png,7424194c0fdf29f2c8d327368bfad2792bc9b5386fd3a66caf2db66bacb45fc3,unchanged selected file
figures/fig7_recording_uncertainty.pdf,e0be0be6b17007524e9198fe89744b009b2c74e792df709dfd93df45fcb0f950,figures/fig7_recording_uncertainty.pdf,e0be0be6b17007524e9198fe89744b009b2c74e792df709dfd93df45fcb0f950,unchanged selected file
figures/fig7_recording_uncertainty.png,cca955b586e81ea60c02d661afab722ea370208fcf05c34fbb733299449d4155,figures/fig7_recording_uncertainty.png,cca955b586e81ea60c02d661afab722ea370208fcf05c34fbb733299449d4155,unchanged selected file
figures/fig8_recording_gain.pdf,bc0642eab507e2ce32509fa5ba1f886a3aad936cc46fe2463ded9bcf2123fe17,figures/fig8_recording_gain.pdf,bc0642eab507e2ce32509fa5ba1f886a3aad936cc46fe2463ded9bcf2123fe17,unchanged selected file
figures/fig8_recording_gain.png,8be52f5d840868e251a9a0c67f12e0ca3f3cd194ace201938a589499d881f8db,figures/fig8_recording_gain.png,8be52f5d840868e251a9a0c67f12e0ca3f3cd194ace201938a589499d881f8db,unchanged selected file
reproduce/requirements.txt,4e48ab042f4ff58e94548351a7f655ed4988474b1b21ac6d00a36fd50365b913,environment/desktop_replay_requirements.txt,4e48ab042f4ff58e94548351a7f655ed4988474b1b21ac6d00a36fd50365b913,unchanged selected file
